{
  "tools": {
    "axe": {
      "name": "Axe",
      "icon": "minecraft:diamond_axe",
      "toollist": [
        "IC2:itemToolBronzeAxe",
        "IC2:itemToolChainsaw",
        "TConstruct:hatchet",
        "minecraft:diamond_axe",
        "minecraft:golden_axe",
        "minecraft:iron_axe",
        "minecraft:stone_axe",
        "minecraft:wooden_axe"
      ],
      "blocklist": [
        "ExtraTrees:log/0",
        "ExtraTrees:log/1",
        "ExtraTrees:log/2",
        "ExtraTrees:log/3",
        "ExtraTrees:log/4",
        "ExtraTrees:log/5",
        "ExtraTrees:log/6",
        "ExtraTrees:log/7",
        "ExtraTrees:log/8",
        "ExtraTrees:log/9",
        "ExtraTrees:log/10",
        "ExtraTrees:log/11",
        "ExtraTrees:log/12",
        "ExtraTrees:log/13",
        "ExtraTrees:log/14",
        "ExtraTrees:log/15",
        "ExtraTrees:log/16",
        "ExtraTrees:log/17",
        "ExtraTrees:log/18",
        "ExtraTrees:log/19",
        "ExtraTrees:log/20",
        "ExtraTrees:log/21",
        "ExtraTrees:log/22",
        "ExtraTrees:log/23",
        "ExtraTrees:log/24",
        "ExtraTrees:log/25",
        "ExtraTrees:log/26",
        "ExtraTrees:log/27",
        "ExtraTrees:log/28",
        "ExtraTrees:log/29",
        "ExtraTrees:log/30",
        "ExtraTrees:log/31",
        "ExtraTrees:log/32",
        "ExtraTrees:log/33",
        "ExtraTrees:log/34",
        "ExtraTrees:log/35",
        "ExtraTrees:log/36",
        "ExtraTrees:log/37",
        "ExtraTrees:log/38",
        "ExtraTrees:log/39",
        "Forestry:leaves",
        "Forestry:logs",
        "Forestry:logsFireproof",
        "IC2:blockRubLeaves",
        "TaintedMagic:BlockWarpwoodLog/0",
        "Thaumcraft:blockMagicalLog",
        "Thaumcraft:blockMagicalLog/0",
        "Thaumcraft:blockMagicalLog/1",
        "evilcraft:undeadLog/0",
        "harvestcraft:pamCinnamon/0",
        "harvestcraft:pamMaple/0",
        "harvestcraft:pamPaperbark/0",
        "minecraft:fence",
        "minecraft:leaves",
        "minecraft:leaves2",
        "minecraft:log",
        "minecraft:log2",
        "thaumicbases:genLogs",
        "totemic:cedarLog/0",
        "totemic:totemLeaves/0",
        "witchery:witchleaves",
        "witchery:witchlog"
      ]
    },
    "crook": {
      "name": "Crook",
      "icon": "exnihilo:crook",
      "toollist": [
        "exnihilo:crook",
        "exnihilo:crook_bone"
      ],
      "blocklist": [
        "minecraft:leaves",
        "minecraft:leaves2",
        "minecraft:tallgrass",
        "minecraft:vine",
        "minecraft:web",
        "minecraft:wool"
      ]
    },
    "hammer": {
      "name": "Hammer",
      "icon": "exnihilo:hammer_stone",
      "toollist": [
        "exnihilo:hammer_diamond",
        "exnihilo:hammer_gold",
        "exnihilo:hammer_iron",
        "exnihilo:hammer_stone",
        "exnihilo:hammer_wood"
      ],
      "blocklist": [
        "exnihilo:aluminum_dust",
        "exnihilo:aluminum_gravel",
        "exnihilo:aluminum_sand",
        "exnihilo:copper_dust",
        "exnihilo:copper_gravel",
        "exnihilo:copper_sand",
        "exnihilo:dust",
        "exnihilo:ender_lead_gravel",
        "exnihilo:ender_platinum_gravel",
        "exnihilo:ender_silver_gravel",
        "exnihilo:ender_tin_gravel",
        "exnihilo:exnihilo.gravel_ender",
        "exnihilo:exnihilo.gravel_nether",
        "exnihilo:gold_dust",
        "exnihilo:gold_gravel",
        "exnihilo:gold_sand",
        "exnihilo:iron_dust",
        "exnihilo:iron_gravel",
        "exnihilo:iron_sand",
        "exnihilo:lead_dust",
        "exnihilo:lead_gravel",
        "exnihilo:lead_sand",
        "exnihilo:nether_copper_gravel",
        "exnihilo:nether_gold_gravel",
        "exnihilo:nether_iron_gravel",
        "exnihilo:nether_nickel_gravel",
        "exnihilo:nickel_dust",
        "exnihilo:nickel_gravel",
        "exnihilo:nickel_sand",
        "exnihilo:platinum_dust",
        "exnihilo:platinum_gravel",
        "exnihilo:platinum_sand",
        "exnihilo:silver_dust",
        "exnihilo:silver_gravel",
        "exnihilo:silver_sand",
        "exnihilo:tin_dust",
        "exnihilo:tin_gravel",
        "exnihilo:tin_sand",
        "minecraft:cobblestone",
        "minecraft:gravel",
        "minecraft:sand"
      ]
    },
    "hoe": {
      "name": "Hoe",
      "icon": "minecraft:diamond_hoe",
      "toollist": [
        "IC2:itemToolBronzeHoe",
        "TConstruct:mattock",
        "minecraft:diamond_hoe",
        "minecraft:golden_hoe",
        "minecraft:iron_hoe",
        "minecraft:stone_hoe",
        "minecraft:wooden_hoe"
      ],
      "blocklist": [
        "minecraft:carrots",
        "minecraft:melon_block",
        "minecraft:potatoes",
        "minecraft:pumpkin",
        "minecraft:wheat"
      ]
    },
    "pickaxe": {
      "name": "Pickaxe",
      "icon": "minecraft:diamond_pickaxe",
      "toollist": [
        "IC2:itemToolBronzePickaxe",
        "IC2:itemToolDDrill",
        "IC2:itemToolDrill",
        "IC2:itemToolIridiumDrill",
        "TConstruct:pickaxe",
        "minecraft:diamond_pickaxe",
        "minecraft:golden_pickaxe",
        "minecraft:iron_pickaxe",
        "minecraft:stone_pickaxe",
        "minecraft:wooden_pickaxe"
      ],
      "blocklist": [
        "DraconicEvolution:draconiumOre/0",
        "Forestry:resources/0",
        "Forestry:resources/1",
        "Forestry:resources/2",
        "HardcoreEnderExpansion:end_powder_ore/0",
        "HardcoreEnderExpansion:endium_ore/0",
        "HardcoreEnderExpansion:igneous_rock_ore/0",
        "HardcoreEnderExpansion:instability_orb_ore/0",
        "HardcoreEnderExpansion:stardust_ore/0",
        "IC2:blockOreCopper/0",
        "IC2:blockOreLead/0",
        "IC2:blockOreTin/0",
        "IC2:blockOreUran/0",
        "ImmersiveEngineering:ore/0",
        "ImmersiveEngineering:ore/1",
        "ImmersiveEngineering:ore/2",
        "ImmersiveEngineering:ore/3",
        "ImmersiveEngineering:ore/4",
        "Metallurgy:base.ore/0",
        "Metallurgy:base.ore/1",
        "Metallurgy:base.ore/2",
        "Metallurgy:ender.ore/0",
        "Metallurgy:ender.ore/1",
        "Metallurgy:fantasy.ore/0",
        "Metallurgy:fantasy.ore/1",
        "Metallurgy:fantasy.ore/2",
        "Metallurgy:fantasy.ore/4",
        "Metallurgy:fantasy.ore/5",
        "Metallurgy:fantasy.ore/6",
        "Metallurgy:fantasy.ore/7",
        "Metallurgy:fantasy.ore/8",
        "Metallurgy:fantasy.ore/11",
        "Metallurgy:fantasy.ore/13",
        "Metallurgy:fantasy.ore/14",
        "Metallurgy:nether.ore/0",
        "Metallurgy:nether.ore/1",
        "Metallurgy:nether.ore/2",
        "Metallurgy:nether.ore/3",
        "Metallurgy:nether.ore/4",
        "Metallurgy:nether.ore/5",
        "Metallurgy:nether.ore/6",
        "Metallurgy:nether.ore/7",
        "Metallurgy:nether.ore/8",
        "Metallurgy:nether.ore/9",
        "Metallurgy:precious.ore/0",
        "Metallurgy:precious.ore/1",
        "Metallurgy:precious.ore/2",
        "Metallurgy:utility.ore/0",
        "Metallurgy:utility.ore/1",
        "Metallurgy:utility.ore/2",
        "Metallurgy:utility.ore/3",
        "Metallurgy:utility.ore/4",
        "Metallurgy:utility.ore/5",
        "TConstruct:GravelOre/0",
        "TConstruct:GravelOre/1",
        "TConstruct:GravelOre/2",
        "TConstruct:GravelOre/3",
        "TConstruct:GravelOre/4",
        "TConstruct:GravelOre/5",
        "TConstruct:SearedBrick/1",
        "TConstruct:SearedBrick/2",
        "TConstruct:SearedBrick/3",
        "TConstruct:SearedBrick/4",
        "TConstruct:SearedBrick/5",
        "TConstruct:ore.berries.one/0",
        "TConstruct:ore.berries.one/1",
        "TConstruct:ore.berries.one/2",
        "TConstruct:ore.berries.one/3",
        "TConstruct:ore.berries.two/0",
        "TConstruct:ore.berries.two/1",
        "TaintedMagic:BlockShadowOre/0",
        "Thaumcraft:blockCustomOre/0",
        "Thaumcraft:blockCustomOre/1",
        "Thaumcraft:blockCustomOre/2",
        "Thaumcraft:blockCustomOre/3",
        "Thaumcraft:blockCustomOre/4",
        "Thaumcraft:blockCustomOre/5",
        "Thaumcraft:blockCustomOre/6",
        "Thaumcraft:blockCustomOre/7",
        "academy-craft:ac_Block_oreConstraintMetal/0",
        "academy-craft:ac_Block_oreImagCrystal/0",
        "academy-craft:ac_Block_oreImagSil/0",
        "academy-craft:ac_Block_oreResoCrystal/0",
        "aobd:oreDustAdamantine/0",
        "aobd:oreDustAdamantium/0",
        "aobd:oreDustAlduorite/0",
        "aobd:oreDustAluminium/0",
        "aobd:oreDustArdite/0",
        "aobd:oreDustAstralSilver/0",
        "aobd:oreDustAtlarus/0",
        "aobd:oreDustCarmot/0",
        "aobd:oreDustCeruclase/0",
        "aobd:oreDustCobalt/0",
        "aobd:oreDustConstraintMetal/0",
        "aobd:oreDustDeepIron/0",
        "aobd:oreDustDraconium/0",
        "aobd:oreDustEximite/0",
        "aobd:oreDustHeeEndium/0",
        "aobd:oreDustIgnatius/0",
        "aobd:oreDustImagSilicon/0",
        "aobd:oreDustInfuscolium/0",
        "aobd:oreDustKalendrite/0",
        "aobd:oreDustLemurite/0",
        "aobd:oreDustManganese/0",
        "aobd:oreDustMeutoite/0",
        "aobd:oreDustMidasium/0",
        "aobd:oreDustMithril/0",
        "aobd:oreDustOrichalcum/0",
        "aobd:oreDustOureclase/0",
        "aobd:oreDustPrometheum/0",
        "aobd:oreDustRubracium/0",
        "aobd:oreDustSanguinite/0",
        "aobd:oreDustShadow/0",
        "aobd:oreDustShadowIron/0",
        "aobd:oreDustVulcanite/0",
        "aobd:oreDustVyroxeres/0",
        "aobd:oreDustZinc/0",
        "aobd:oreGravelAdamantine/0",
        "aobd:oreGravelAdamantium/0",
        "aobd:oreGravelAlduorite/0",
        "aobd:oreGravelAluminium/0",
        "aobd:oreGravelArdite/0",
        "aobd:oreGravelAstralSilver/0",
        "aobd:oreGravelAtlarus/0",
        "aobd:oreGravelCarmot/0",
        "aobd:oreGravelCeruclase/0",
        "aobd:oreGravelCobalt/0",
        "aobd:oreGravelConstraintMetal/0",
        "aobd:oreGravelDeepIron/0",
        "aobd:oreGravelDraconium/0",
        "aobd:oreGravelEximite/0",
        "aobd:oreGravelHeeEndium/0",
        "aobd:oreGravelIgnatius/0",
        "aobd:oreGravelImagSilicon/0",
        "aobd:oreGravelInfuscolium/0",
        "aobd:oreGravelKalendrite/0",
        "aobd:oreGravelLemurite/0",
        "aobd:oreGravelManganese/0",
        "aobd:oreGravelMeutoite/0",
        "aobd:oreGravelMidasium/0",
        "aobd:oreGravelMithril/0",
        "aobd:oreGravelOrichalcum/0",
        "aobd:oreGravelOureclase/0",
        "aobd:oreGravelPrometheum/0",
        "aobd:oreGravelRubracium/0",
        "aobd:oreGravelSanguinite/0",
        "aobd:oreGravelShadow/0",
        "aobd:oreGravelShadowIron/0",
        "aobd:oreGravelVulcanite/0",
        "aobd:oreGravelVyroxeres/0",
        "aobd:oreGravelZinc/0",
        "aobd:oreNetherGravelAdamantine/0",
        "aobd:oreNetherGravelAdamantium/0",
        "aobd:oreNetherGravelAlduorite/0",
        "aobd:oreNetherGravelAluminium/0",
        "aobd:oreNetherGravelArdite/0",
        "aobd:oreNetherGravelAstralSilver/0",
        "aobd:oreNetherGravelAtlarus/0",
        "aobd:oreNetherGravelCarmot/0",
        "aobd:oreNetherGravelCeruclase/0",
        "aobd:oreNetherGravelCobalt/0",
        "aobd:oreNetherGravelConstraintMetal/0",
        "aobd:oreNetherGravelDeepIron/0",
        "aobd:oreNetherGravelDraconium/0",
        "aobd:oreNetherGravelEximite/0",
        "aobd:oreNetherGravelHeeEndium/0",
        "aobd:oreNetherGravelIgnatius/0",
        "aobd:oreNetherGravelImagSilicon/0",
        "aobd:oreNetherGravelInfuscolium/0",
        "aobd:oreNetherGravelKalendrite/0",
        "aobd:oreNetherGravelLemurite/0",
        "aobd:oreNetherGravelManganese/0",
        "aobd:oreNetherGravelMeutoite/0",
        "aobd:oreNetherGravelMidasium/0",
        "aobd:oreNetherGravelMithril/0",
        "aobd:oreNetherGravelOrichalcum/0",
        "aobd:oreNetherGravelOureclase/0",
        "aobd:oreNetherGravelPrometheum/0",
        "aobd:oreNetherGravelRubracium/0",
        "aobd:oreNetherGravelSanguinite/0",
        "aobd:oreNetherGravelShadow/0",
        "aobd:oreNetherGravelShadowIron/0",
        "aobd:oreNetherGravelVulcanite/0",
        "aobd:oreNetherGravelVyroxeres/0",
        "aobd:oreNetherGravelZinc/0",
        "aobd:oreSandAdamantine/0",
        "aobd:oreSandAdamantium/0",
        "aobd:oreSandAlduorite/0",
        "aobd:oreSandAluminium/0",
        "aobd:oreSandArdite/0",
        "aobd:oreSandAstralSilver/0",
        "aobd:oreSandAtlarus/0",
        "aobd:oreSandCarmot/0",
        "aobd:oreSandCeruclase/0",
        "aobd:oreSandCobalt/0",
        "aobd:oreSandConstraintMetal/0",
        "aobd:oreSandDeepIron/0",
        "aobd:oreSandDraconium/0",
        "aobd:oreSandEximite/0",
        "aobd:oreSandHeeEndium/0",
        "aobd:oreSandIgnatius/0",
        "aobd:oreSandImagSilicon/0",
        "aobd:oreSandInfuscolium/0",
        "aobd:oreSandKalendrite/0",
        "aobd:oreSandLemurite/0",
        "aobd:oreSandManganese/0",
        "aobd:oreSandMeutoite/0",
        "aobd:oreSandMidasium/0",
        "aobd:oreSandMithril/0",
        "aobd:oreSandOrichalcum/0",
        "aobd:oreSandOureclase/0",
        "aobd:oreSandPrometheum/0",
        "aobd:oreSandRubracium/0",
        "aobd:oreSandSanguinite/0",
        "aobd:oreSandShadow/0",
        "aobd:oreSandShadowIron/0",
        "aobd:oreSandVulcanite/0",
        "aobd:oreSandVyroxeres/0",
        "aobd:oreSandZinc/0",
        "deepresonance:oreResonating/0",
        "evilcraft:darkOre/0",
        "imc:block_adamantium_ore/0",
        "minecraft:coal_ore",
        "minecraft:cobblestone_wall",
        "minecraft:diamond_ore",
        "minecraft:emerald_ore",
        "minecraft:glowstone",
        "minecraft:gold_ore",
        "minecraft:iron_ore",
        "minecraft:lapis_ore",
        "minecraft:lit_redstone_ore",
        "minecraft:mossy_cobblestone",
        "minecraft:nether_brick_fence",
        "minecraft:obsidian",
        "minecraft:quartz_ore",
        "minecraft:redstone_ore"
      ]
    },
    "shears": {
      "name": "Shears",
      "icon": "minecraft:shears",
      "toollist": [
        "IC2:itemToolBronzeHoe",
        "minecraft:shears"
      ],
      "blocklist": [
        "Forestry:leaves",
        "IC2:blockRubLeaves",
        "minecraft:deadbush",
        "minecraft:leaves",
        "minecraft:leaves2",
        "minecraft:tallgrass",
        "minecraft:vine",
        "minecraft:web",
        "minecraft:wool",
        "totemic:totemLeaves/0",
        "witchery:witchleaves"
      ]
    },
    "shovel": {
      "name": "Shovel",
      "icon": "minecraft:diamond_shovel",
      "toollist": [
        "IC2:itemToolBronzeSpade",
        "TConstruct:mattock",
        "TConstruct:shovel",
        "minecraft:diamond_shovel",
        "minecraft:golden_shovel",
        "minecraft:iron_shovel",
        "minecraft:stone_shovel",
        "minecraft:wooden_shovel"
      ],
      "blocklist": [
        "minecraft:clay",
        "minecraft:gravel"
      ]
    }
  }
}